,Item Purchased,Gender,Season,count
0,Backpack,Female,Fall,8
1,Backpack,Female,Spring,8
2,Backpack,Female,Summer,15
3,Backpack,Female,Winter,6
4,Backpack,Male,Fall,26
5,Backpack,Male,Spring,31
6,Backpack,Male,Summer,30
7,Backpack,Male,Winter,19
8,Belt,Female,Fall,15
9,Belt,Female,Spring,12
10,Belt,Female,Summer,14
11,Belt,Female,Winter,14
12,Belt,Male,Fall,26
13,Belt,Male,Spring,29
14,Belt,Male,Summer,25
15,Belt,Male,Winter,26
16,Blouse,Female,Fall,18
17,Blouse,Female,Spring,17
18,Blouse,Female,Summer,18
19,Blouse,Female,Winter,13
20,Blouse,Male,Fall,24
21,Blouse,Male,Spring,29
22,Blouse,Male,Summer,25
23,Blouse,Male,Winter,27
24,Boots,Female,Fall,8
25,Boots,Female,Spring,17
26,Boots,Female,Summer,14
27,Boots,Female,Winter,11
28,Boots,Male,Fall,27
29,Boots,Male,Spring,23
30,Boots,Male,Summer,24
31,Boots,Male,Winter,20
32,Coat,Female,Fall,9
33,Coat,Female,Spring,16
34,Coat,Female,Summer,13
35,Coat,Female,Winter,9
36,Coat,Male,Fall,25
37,Coat,Male,Spring,30
38,Coat,Male,Summer,29
39,Coat,Male,Winter,30
40,Dress,Female,Fall,12
41,Dress,Female,Spring,10
42,Dress,Female,Summer,17
43,Dress,Female,Winter,13
44,Dress,Male,Fall,24
45,Dress,Male,Spring,33
46,Dress,Male,Summer,30
47,Dress,Male,Winter,27
48,Gloves,Female,Fall,10
49,Gloves,Female,Spring,9
50,Gloves,Female,Summer,9
51,Gloves,Female,Winter,9
52,Gloves,Male,Fall,27
53,Gloves,Male,Spring,33
54,Gloves,Male,Summer,20
55,Gloves,Male,Winter,23
56,Handbag,Female,Fall,18
57,Handbag,Female,Spring,17
58,Handbag,Female,Summer,15
59,Handbag,Female,Winter,8
60,Handbag,Male,Fall,30
61,Handbag,Male,Spring,19
62,Handbag,Male,Summer,20
63,Handbag,Male,Winter,26
64,Hat,Female,Fall,22
65,Hat,Female,Spring,7
66,Hat,Female,Summer,8
67,Hat,Female,Winter,15
68,Hat,Male,Fall,28
69,Hat,Male,Spring,20
70,Hat,Male,Summer,29
71,Hat,Male,Winter,25
72,Hoodie,Female,Fall,13
73,Hoodie,Female,Spring,13
74,Hoodie,Female,Summer,10
75,Hoodie,Female,Winter,15
76,Hoodie,Male,Fall,23
77,Hoodie,Male,Spring,23
78,Hoodie,Male,Summer,21
79,Hoodie,Male,Winter,33
80,Jacket,Female,Fall,16
81,Jacket,Female,Spring,13
82,Jacket,Female,Summer,12
83,Jacket,Female,Winter,13
84,Jacket,Male,Fall,38
85,Jacket,Male,Spring,22
86,Jacket,Male,Summer,21
87,Jacket,Male,Winter,28
88,Jeans,Female,Fall,8
89,Jeans,Female,Spring,9
90,Jeans,Female,Summer,7
91,Jeans,Female,Winter,5
92,Jeans,Male,Fall,24
93,Jeans,Male,Spring,23
94,Jeans,Male,Summer,24
95,Jeans,Male,Winter,24
96,Jewelry,Female,Fall,9
97,Jewelry,Female,Spring,13
98,Jewelry,Female,Summer,12
99,Jewelry,Female,Winter,18
100,Jewelry,Male,Fall,26
101,Jewelry,Male,Spring,29
102,Jewelry,Male,Summer,35
103,Jewelry,Male,Winter,29
104,Pants,Female,Fall,13
105,Pants,Female,Spring,7
106,Pants,Female,Summer,14
107,Pants,Female,Winter,14
108,Pants,Male,Fall,25
109,Pants,Male,Spring,25
110,Pants,Male,Summer,36
111,Pants,Male,Winter,37
112,Sandals,Female,Fall,17
113,Sandals,Female,Spring,23
114,Sandals,Female,Summer,10
115,Sandals,Female,Winter,9
116,Sandals,Male,Fall,27
117,Sandals,Male,Spring,21
118,Sandals,Male,Summer,30
119,Sandals,Male,Winter,23
120,Scarf,Female,Fall,12
121,Scarf,Female,Spring,9
122,Scarf,Female,Summer,16
123,Scarf,Female,Winter,8
124,Scarf,Male,Fall,28
125,Scarf,Male,Spring,32
126,Scarf,Male,Summer,27
127,Scarf,Male,Winter,25
128,Shirt,Female,Fall,15
129,Shirt,Female,Spring,11
130,Shirt,Female,Summer,12
131,Shirt,Female,Winter,21
132,Shirt,Male,Fall,24
133,Shirt,Male,Spring,31
134,Shirt,Male,Summer,26
135,Shirt,Male,Winter,29
136,Shoes,Female,Fall,7
137,Shoes,Female,Spring,14
138,Shoes,Female,Summer,11
139,Shoes,Female,Winter,16
140,Shoes,Male,Fall,19
141,Shoes,Male,Spring,26
142,Shoes,Male,Summer,35
143,Shoes,Male,Winter,22
144,Shorts,Female,Fall,13
145,Shorts,Female,Spring,14
146,Shorts,Female,Summer,10
147,Shorts,Female,Winter,11
148,Shorts,Male,Fall,22
149,Shorts,Male,Spring,33
150,Shorts,Male,Summer,30
151,Shorts,Male,Winter,24
152,Skirt,Female,Fall,14
153,Skirt,Female,Spring,17
154,Skirt,Female,Summer,8
155,Skirt,Female,Winter,10
156,Skirt,Male,Fall,32
157,Skirt,Male,Spring,29
158,Skirt,Male,Summer,20
159,Skirt,Male,Winter,28
160,Sneakers,Female,Fall,9
161,Sneakers,Female,Spring,12
162,Sneakers,Female,Summer,12
163,Sneakers,Female,Winter,9
164,Sneakers,Male,Fall,22
165,Sneakers,Male,Spring,27
166,Sneakers,Male,Summer,24
167,Sneakers,Male,Winter,30
168,Socks,Female,Fall,22
169,Socks,Female,Spring,9
170,Socks,Female,Summer,15
171,Socks,Female,Winter,12
172,Socks,Male,Fall,20
173,Socks,Male,Spring,31
174,Socks,Male,Summer,27
175,Socks,Male,Winter,23
176,Sunglasses,Female,Fall,16
177,Sunglasses,Female,Spring,10
178,Sunglasses,Female,Summer,11
179,Sunglasses,Female,Winter,19
180,Sunglasses,Male,Fall,23
181,Sunglasses,Male,Spring,23
182,Sunglasses,Male,Summer,26
183,Sunglasses,Male,Winter,33
184,Sweater,Female,Fall,11
185,Sweater,Female,Spring,19
186,Sweater,Female,Summer,7
187,Sweater,Female,Winter,13
188,Sweater,Male,Fall,31
189,Sweater,Male,Spring,33
190,Sweater,Male,Summer,21
191,Sweater,Male,Winter,29
192,T-shirt,Female,Fall,13
193,T-shirt,Female,Spring,10
194,T-shirt,Female,Summer,8
195,T-shirt,Female,Winter,15
196,T-shirt,Male,Fall,26
197,T-shirt,Male,Spring,28
198,T-shirt,Male,Summer,22
199,T-shirt,Male,Winter,25
